Place ID,Name,Address,Rating,Types
ChIJXa__6SVYei4R8qGHzYzQOv4,Malioboro Prime Hotel Yogyakarta,"Jl. Ps. Kembang No.9, Sosromenduran, Kota Yogyakarta",4.2,"['lodging', 'point_of_interest', 'establishment']"
ChIJf0XmxFX3ei4RZfnmA4PS3WI,Sayana Homestay,"Dusun Perumahan, Jl. Gumuk Indah No.B 75, RT.08/RW.26, Besi, Sidoarum, Kabupaten Sleman",4.7,"['lodging', 'point_of_interest', 'establishment']"
ChIJOw8nKqVXei4RUHtwMmnHyCc,Lynn Hotel By Horison,"Jl. Jogokaryan No.82, Mantrijeron, Kota Yogyakarta",4.3,"['lodging', 'point_of_interest', 'establishment']"
ChIJn_hHovFYei4R7SraVU64p0Q,Sunrise Hotel Jombor Yogyakarta,"Jalan Magelang KM 6.5, Sinduadi, Mlati, Jombor Lor, Sinduadi, Kabupaten Sleman",4,"['lodging', 'point_of_interest', 'establishment']"
ChIJFzyDzfNYei4RvVyrKGetIXs,The Atrium Hotel and Resort Yogyakarta,"Jl. Kebon Agung No.20, Mlati Dukuh, Sendangadi, Kabupaten Sleman",4.5,"['lodging', 'point_of_interest', 'establishment']"
ChIJ6dcqDiZYei4RFh-QhU1gI6M,Hotel Amalia Malioboro,"GT. I Malioboro, Jl. Sosrowijayan No.108, Sosromenduran, Kota Yogyakarta",4.3,"['lodging', 'point_of_interest', 'establishment']"
ChIJAcg6H4tXei4RxFebEEV_kwk,Cavinton Hotel Yogyakarta by Tritama Hospitality,"Jl. Letjen Suprapto No.1, Ngampilan, Kota Yogyakarta",4.5,"['lodging', 'point_of_interest', 'establishment']"
ChIJe7GbdL1Xei4RCB3HZW5I4ZI,LIVINN YOGYA HOTEL,"Jl. Babaran No.103, Warungboto, Kota Yogyakarta",4.5,"['cafe', 'lodging', 'food', 'point_of_interest', 'establishment']"
ChIJTRRNdqNXei4RkaYnnn8KmjQ,Indies Heritage Hotel,"Jl. Prawirotaman 3 Timuran No.3, Brontokusuman, Kota Yogyakarta",4.3,"['lodging', 'restaurant', 'food', 'point_of_interest', 'establishment']"
ChIJJSe9NsVZei4R5VPu8W-tcTs,Hotel Ibis Laksda Adisucipto,"Jl. Laksda Adisucipto No.80, Demangan Baru, Caturtunggal, Kabupaten Sleman",4.7,"['lodging', 'point_of_interest', 'establishment']"
ChIJOUb3xiVYei4RX9H4KOmFhek,Hotel NEO Malioboro,"Jl. Ps. Kembang No.21, Sosromenduran, Kota Yogyakarta",4.5,"['lodging', 'restaurant', 'food', 'point_of_interest', 'establishment']"
ChIJi-euFiZYei4R5K4k92fyWiI,PYRENEES Malioboro Yogyakarta,"Sosrowijayan St No.1, Sosromenduran, Yogyakarta City",4.3,"['lodging', 'point_of_interest', 'establishment']"
ChIJpzMUamNXei4RKg_EuMfcIlk,POP! Hotel Timoho - Yogyakarta,"Jl. Ipda Tut Harsono No.11, Muja Muju, Kota Yogyakarta",4.3,"['lodging', 'point_of_interest', 'establishment']"
ChIJE97GMSZYei4R8uDgUuPhrv0,Hotel Noola Malioboro,"Jl. Parangtritis No.15, RW.08, Brontokusuman, Kota Yogyakarta",4.7,"['lodging', 'point_of_interest', 'establishment']"
ChIJo6UU5cZZei4RiP74NgSWyr4,Aveta Hotel Malioboro,"Jl. Malioboro No.42, Suryatmajan, Kota Yogyakarta",4.6,"['lodging', 'point_of_interest', 'establishment']"
ChIJLajaXMNZei4R0rbaWdC37ms,GRAMM HOTEL by Ambarrukmo (formerly - Grand Ambarrukmo),"Jl. Laksda Adisucipto No.82, Ambarukmo, Caturtunggal, Kabupaten Sleman",4.7,"['lodging', 'point_of_interest', 'establishment']"
ChIJL0XlfydYei4R_FcCvNNZnio,Amaris Hotel Malioboro Jogja,"Jl. Pajeksan No.10, Sosromenduran, Kota Yogyakarta",4.3,"['lodging', 'point_of_interest', 'establishment']"
ChIJSxYTlR9Yei4RDPRaPbssVio,Forriz Hotel Yogyakarta,"Jl. HOS Cokroaminoto No.60, Pakuncen, Kota Yogyakarta",4.5,"['lodging', 'point_of_interest', 'establishment']"
ChIJ-71OrWxZei4R4QlR85HOJWQ,La Casa Jogja,"Jalan Gejayan /Affandi No.53, Karang Gayam, Caturtunggal, Kabupaten Sleman",4.6,"['lodging', 'point_of_interest', 'establishment']"
ChIJ598HKzlZei4RroOx5UvbPbw,D'Paragon Malioboro,"Jl. Kp. Sitisewu, Sosromenduran, Kota Yogyakarta",4.7,"['lodging', 'point_of_interest', 'establishment']"
ChIJPw0C551Xei4RaGlHRsl5-JM,Sans Hotel Prime Cailendra Yogyakarta,"Jl. Taman Siswa No.91, Wirogunan, Kota Yogyakarta",4.5,"['lodging', 'point_of_interest', 'establishment']"
ChIJIcEXZfZYei4RNngAcEceevs,The Rich Jogja Hotel,"Jl. Magelang No.18 Km.6, Kutu Patran, Sinduadi, Kabupaten Sleman",4.5,"['lodging', 'point_of_interest', 'establishment']"
ChIJSdkGihf5ei4RO0N4GgyiAPQ,The Amartya Jogjakarta Hotel,"Jl. Ringroad Barat No.288, Area Sawah, Banyuraden, Kabupaten Sleman",4.4,"['lodging', 'clothing_store', 'store', 'point_of_interest', 'establishment']"
ChIJ1YehTWRXei4RhFDAZ4-qQLM,favehotel Kusumanegara,"Jl. Kusumanegara No.91, Muja Muju, Kota Yogyakarta",4.6,"['lodging', 'restaurant', 'food', 'point_of_interest', 'establishment']"
ChIJTeHiJ-1Zei4Rg7vVGbLFBKU,Ceria Boutique Hotel,"Jl. Babarsari No.23B, Tambak Bayan, Condongcatur, Kabupaten Sleman",4.1,"['lodging', 'point_of_interest', 'establishment']"
ChIJzZGnBKRZei4RUi1W_WPFujk,Grand Sarila,"Jl. Affandi Jl. Gejayan Soropadan XII No.03, Kaliwaru, Condongcatur, Kabupaten Sleman",4.2,"['lodging', 'point_of_interest', 'establishment']"
ChIJi6QsPnP4ei4RvjIwjsp-cpU,De'gadri Ndalem Hotel,"Jl. Ring Road Selatan No.320, Ngrame, Tamantirto, Kabupaten Bantul",4.1,"['lodging', 'point_of_interest', 'establishment']"
ChIJU8l4yvZYei4ROTh_a234Zgg,Kangen Boutique Hotel,"Magelang St KM.5,8, Kutu Patran, Sinduadi, Sleman Regency",3.8,"['lodging', 'point_of_interest', 'establishment']"
ChIJfY2XWq1Zei4RxW9hFtkamQo,Cakra Kusuma Hotel Yogyakarta,"Jl. Kaliurang No.25 KM.5,2, Karang Wuni, Caturtunggal, Kabupaten Sleman",4.2,"['lodging', 'restaurant', 'food', 'point_of_interest', 'establishment']"
ChIJ_4jKtRhYei4Ry3626jQv87g,Top Malioboro Hotel Jogja,"Jl. HOS Cokroaminoto No.145, Tegalrejo, Kota Yogyakarta",4.1,"['lodging', 'point_of_interest', 'establishment']"
ChIJ_WpI_rNZei4RlmtkQEkxyb0,UNY Hotel,"Universitas Negeri Yogyakarta, Jl. Karangmalang Jl. Colombo Yogyakarta, Karang Malang, Caturtunggal, Kabupaten Sleman",4.2,"['lodging', 'point_of_interest', 'establishment']"
ChIJY23L6LZZei4ReBTbDMPP0kM,D'Paragon Karangmalang Yogyakarta,"Blk. B, Jl. Karangmalang No.17, Karang Gayam, Caturtunggal, Kabupaten Sleman",4.4,"['lodging', 'point_of_interest', 'establishment']"
ChIJ03hNnKtZei4R06-uGSbkEAI,Hotel Cakra Kembang,"Kaliurang St No.6, RW.40, Manggung, Caturtunggal, Sleman Regency",4.2,"['lodging', 'point_of_interest', 'establishment']"
ChIJl3ZXLu9Zei4RAX77gQDG-kc,Eastparc Hotel Yogyakarta,"Jalan Laksda Adisucipto KM. 6.5 No.1, Ngentak, Caturtunggal, Kabupaten Sleman",4.7,"['lodging', 'point_of_interest', 'establishment']"
ChIJ114WA6BXei4RXvyAZf5kA08,Urbanview Hotel Heryon Taman Siswa Jogja,"Jl. Menteri Supeno No.28D, Sorosutan, Kota Yogyakarta",4.1,"['lodging', 'point_of_interest', 'establishment']"
ChIJP2_dompXei4Ro6bugNwkHcs,Kalya Hotel,"Jl. Gedongkuning No.118, Rejowinangun, Kota Yogyakarta",4.2,"['lodging', 'point_of_interest', 'establishment']"
ChIJawos48VZei4RGXTSV1zxkNs,Loman Park Hotel Yogyakarta,"Jl. Affandi Jl. Kolombo, Gejayan, Complex, Kabupaten Sleman",4.8,"['lodging', 'point_of_interest', 'establishment']"
ChIJ-_rW8575ei4RWk4ISJvFEeY,Dangau Datuk Guesthouse & Resto,"Jl. Ringroad Barat No.47, Gamping Kidul, Ambarketawang, Kabupaten Sleman",4,"['lodging', 'point_of_interest', 'establishment']"
ChIJh4lcYWNXei4RRLYnb69fzBs,Gaia Cosmo Hotel,"Jl. Ipda Tut Harsono No.16, Muja Muju, Kota Yogyakarta",4.6,"['lodging', 'point_of_interest', 'establishment']"
ChIJq4EIBphZei4R5WoGQPB1sAg,Urbanview Hotel Near Jogja City Mall,"Jalan Semboja, RT 01/1, Padukuhan, Baturan, Trihanggo, Kabupaten Sleman",4.4,"['lodging', 'point_of_interest', 'establishment']"
ChIJp_9xozlYei4RxMLx3j6Qkig,Adya Nalendra Boutique Hotel,"Jl. Tri Margo Kulon No.9A, Karangwaru, Kota Yogyakarta",4.1,"['lodging', 'clothing_store', 'store', 'point_of_interest', 'establishment']"
ChIJN5ocxc1Zei4RuNZbrkX7R54,Grand Aston Yogyakarta Hotel & Convention Center,"Jl. Urip Sumoharjo No.37, Klitren, Kota Yogyakarta",4.6,"['lodging', 'restaurant', 'food', 'point_of_interest', 'establishment']"
ChIJIbvBUIVXei4RHACy6UnOhLA,Ndalem Maharani Guest House,"Jl. Sawojajar No.6, Panembahan, Kota Yogyakarta",4.1,"['lodging', 'point_of_interest', 'establishment']"
ChIJ0ZmjRs5Zei4RfkxRGlKhl5E,De Laxston Hotel,"No.139 A, Jl. Urip Sumoharjo, Klitren, Yogyakarta City",4.3,"['lodging', 'point_of_interest', 'establishment']"
ChIJsRiizCVYei4Rbk3n-TcJEuE,Unisi Hotel Malioboro,"Jl. Ps. Kembang No.42, Sosromenduran, Kota Yogyakarta",4.4,"['lodging', 'point_of_interest', 'establishment']"
ChIJZZlnpoJXei4RbReW93Bsncw,RedDoorz Plus @ Taman Siswa 3,"Jl. Taman Siswa No.9, Wirogunan, Kota Yogyakarta",4.1,"['lodging', 'point_of_interest', 'establishment']"
ChIJt3t9Q8VZei4RkSgB98AtnvI,Hotel New Saphir Yogyakarta,"Jl. Laksda Adisucipto No.38, Demangan, Kota Yogyakarta",4.5,"['lodging', 'point_of_interest', 'establishment']"
ChIJoWoQDDBYei4RoYS7prhy-Ms,Harper Malioboro Yogyakarta,"Harper malioboro yogyakarta, Jl. P. Mangkubumi No.52, Gowongan, Yogyakarta City",4.7,"['lodging', 'point_of_interest', 'establishment']"
ChIJveL9EodXei4RcCafEw2OILo,Front One Cabin Malioboro Jogja,"Jl. Jagalan - Beji Jl. Beji No.61, Purwokinanti, Kota Yogyakarta",4.5,"['lodging', 'point_of_interest', 'establishment']"
ChIJl5pchSZYei4RjIHNpO6M31E,Oryza Hotel Malioboro RedPartner,"Sosrowijayan St No.49-51, Sosromenduran, Yogyakarta City",4,"['lodging', 'point_of_interest', 'establishment']"
ChIJqV3xCVNYei4RSSgZtJvaNKQ,AMAYA SUITES,"Jalan Pogung Kidul No.181, Sinduadi, Mlati, Pogung Kidul, Sinduadi, Kabupaten Sleman",4,"['lodging', 'point_of_interest', 'establishment']"
ChIJ5X-UNHdXei4RSmkgKysN7B0,Tirtodipuran Hotel,"Tirtodipuran St No.5, Mantrijeron, Yogyakarta City",4.7,"['lodging', 'point_of_interest', 'establishment']"
ChIJk7x8PMVZei4R2tlJox6P9LU,The Victoria Hotel Yogyakarta,"Jl. Laksda Adisucipto KM.5, Tempel, Caturtunggal, Kabupaten Sleman",4.4,"['lodging', 'point_of_interest', 'establishment']"
ChIJgXKFDElYei4RufKyHeOwKlI,Tembok Batu Residence,"Jalan Sendowo E No. 106, Sendowo, Sinduadi, Kabupaten Sleman",4.1,"['lodging', 'point_of_interest', 'establishment']"
ChIJDw6nshhYei4Rc8E6R_IZVQs,Agung Mas Hotel Yogyakarta,"Jl. HOS Cokroaminoto No.108, Tegalrejo, Kota Yogyakarta",4.3,"['lodging', 'point_of_interest', 'establishment']"
ChIJhWBnNlBZei4Ru1OuYy2vl2E,RedDoorz near UMY Yogyakarta 3,"Jl. Ring Road Utara, Area Sawah, Banyuraden, Kabupaten Sleman",4.6,"['lodging', 'point_of_interest', 'establishment']"
ChIJaweQoodXei4RRPPqIyYxdS8,Malioboro Palace Hotel,"Sosrowijayan St No.3-5, Sosromenduran, Yogyakarta City",4.1,"['lodging', 'point_of_interest', 'establishment']"
ChIJVzBo9KJXei4Rfn1jD1Jt6Zs,YezYezYez Yogyakarta,"Gg. Batik Gringsing No.509, Brontokusuman, Kota Yogyakarta",4.5,"['lodging', 'point_of_interest', 'establishment']"
ChIJp8ZBrzxZei4R_6qrAb0hex8,The Manohara Hotel Yogyakarta,"Jl. Affandi No.35, Gejayan, Caturtunggal, Kabupaten Sleman",4.7,"['lodging', 'point_of_interest', 'establishment']"
ChIJNaQSRsNZei4RB4YhoLS1pds,Yellow Star Hotel - Ambarrukmo,"Jl. Laksda Adisucipto No.23, Papringan, Caturtunggal, Kabupaten Sleman",4.3,"['lodging', 'store', 'restaurant', 'food', 'point_of_interest', 'establishment']"
ChIJMfgiFHdZei4RWXGFfxl7Thw,J&M FOOD HOUSE,"Jl. Titi Bumi Timur No.25a, Sumberan, Ngestiharjo, Kabupaten Bantul",3.9,"['restaurant', 'point_of_interest', 'food', 'establishment']"
ChIJGc_p34RZei4RUTTe50iRxiQ,ARKA BOGA FOOD COURT,"Jl. Sorowajan Baru No.RT.19, Jomblangan, Banguntapan, Kabupaten Bantul",4.3,"['restaurant', 'point_of_interest', 'food', 'establishment']"
ChIJeZ4hctBZei4Rbmej2hl3V4w,Gejayan Street Food,"Jl.Gejayan Soropdan CCXII/24, Soropadan, Condongcatur, Kabupaten Sleman",4.3,"['restaurant', 'point_of_interest', 'food', 'establishment']"
ChIJQUfETo5Xei4RGpzD82b_VQw,Rumah Makan Sea Food 99,"59W7+36C, Unnamed Road, Kadipaten, Kota Yogyakarta",4.5,"['restaurant', 'point_of_interest', 'food', 'establishment']"
ChIJb-SZak1Zei4Rc6uCQ7xzzv8,Food Truck Barsa City,"Ngentak, Caturtunggal, Sleman Regency",4.8,"['restaurant', 'point_of_interest', 'food', 'establishment']"
ChIJy2rNAqVXei4RZ4kgN1PndyI,Dina's Food,"Jl. Affandi No.55, Mrican, Caturtunggal, Kabupaten Sleman",5,"['restaurant', 'point_of_interest', 'food', 'establishment']"
ChIJJyToorJXei4Re_829NltNfI,Warmindo Enway Food,"Gg. Sengon Jl. Raya Janti No.168, RT.4/RW.2, Gowok, Caturtunggal, Kabupaten Sleman",0,"['restaurant', 'point_of_interest', 'food', 'establishment']"
ChIJP-gP1sdZei4ROnhPVGOx4F0,Tio Ciu Chinese Food Bang Sinyo,"Jl. Moses Gatotkaca No.16, Mrican, Caturtunggal, Kabupaten Sleman",4.5,"['restaurant', 'point_of_interest', 'food', 'establishment']"
ChIJq5k21F9Xei4Rdvqk3U-SZaU,99 Choliz Food,"Jl. Sonosewu, timur Superindo, Sonosewu, Kabupaten Bantul",4.5,"['restaurant', 'point_of_interest', 'food', 'establishment']"
ChIJq1NkBb9Zei4R1CGSs5DVGro,NANG NDUD food,"Jl. Sumberan No.331, Soragan, Ngestiharjo, Kabupaten Bantul",4.4,"['restaurant', 'point_of_interest', 'food', 'establishment']"
ChIJg3XocVtYei4R4QWx4FSBLss,Chinese Food 99,"Jl. Magelang No.135 49, Kutu Asem, Sinduadi, Kabupaten Sleman",3.9,"['restaurant', 'point_of_interest', 'food', 'establishment']"
ChIJ3-Fji7lXei4REtfqid2XtZs,Fast Food Restaurant,"Krapyak Kulon, Panggungharjo, Bantul Regency",0,"['restaurant', 'point_of_interest', 'food', 'establishment']"
ChIJX900A11Yei4RVyNQ82OYoa4,Fast Food Restaurant,"69P4+FXR, Jl. Bangau, Kutu Patran, Sinduadi, Kabupaten Sleman",3,"['restaurant', 'point_of_interest', 'food', 'establishment']"
ChIJUY6-nN5Zei4R-5oLvO6C7RA,Rumah Makan & Sea Food 99,"Jl. Sorowajan Baru No.276, Tegal Tanda, Banguntapan, Kabupaten Bantul",4.2,"['restaurant', 'point_of_interest', 'food', 'establishment']"
ChIJTWQEmQj4ei4RVwyfAaVcI3c,Mpt Tatiek Resto,"Jl. Sugeng Jeroni Gg. Bugisan RW.06, Jl. Bugisan Kecamatan, RT.03/RW.06, Jomegatan, Patangpuluhan, Kota Yogyakarta",4.6,"['restaurant', 'point_of_interest', 'food', 'establishment']"
ChIJTXnINj9Yei4R67U853oBhuA,Fast Food Restaurant,"Kricak, Yogyakarta City",3,"['restaurant', 'point_of_interest', 'food', 'establishment']"
ChIJqyS6HHFZei4RlcltN2H1cBs,Pak Trimbil Fresh Milk & Food,"Jl. Jombor Lor No.04/19/139, Jombor Lor, Sinduadi, Kabupaten Sleman",4.4,"['restaurant', 'point_of_interest', 'food', 'establishment']"
ChIJa-YmH4lZei4RRB01-VYPXOc,Chineese Food Muslim Pak Joko,"69QH+3FQ, Kocoran, Caturtunggal, Sleman Regency",4.7,"['restaurant', 'point_of_interest', 'food', 'establishment']"
ChIJBb3_gJBZei4RCog8yYO4uXM,Kampung2 Food service,"Jl.intan blok H20 Pengok pjka GK I No.655 C, Demangan, Kota Yogyakarta",4.5,"['restaurant', 'point_of_interest', 'store', 'food', 'establishment']"
ChIJN6MvySdYei4RtnkN_7TDtnI,Bu Joko’s Food Cart,"Jl. Dagen No.2A 001, Sosromenduran, Kota Yogyakarta",4.9,"['restaurant', 'point_of_interest', 'food', 'establishment']"
ChIJPXgjmqT5ei4R1PzypHKxMwg,Hak Food Jogja,"58RG+3P2, Gg. Margorukun, Geblagan, Tamantirto, Kabupaten Bantul",0,"['restaurant', 'point_of_interest', 'food', 'establishment']"
ChIJ2cVUf_JZei4RRVHSYXRY8fs,Cak No Chinese Food,"6979+WC2, Gowongan, Yogyakarta City",4.6,"['restaurant', 'point_of_interest', 'food', 'establishment']"
ChIJRRu6OMJZei4Rd7wU9hQgj7Y,Fast Food Restaurant,"Tempel, Caturtunggal, Sleman Regency",2,"['restaurant', 'point_of_interest', 'food', 'establishment']"
ChIJ71fguzFXei4RScoo5l9u3cc,Tuman Yo Food,"Jl Gedong Kuning Selatan, Jl. Gedongan Baru Jl. Pelemwulung No.8B, Pelem Mulong, Banguntapan, Kabupaten Bantul",5,"['meal_takeaway', 'restaurant', 'point_of_interest', 'food', 'establishment']"
ChIJU4QlnBxZei4RdIcfqaZ55po,Food Court UGM Baru,"Sendowo, Sinduadi, Sleman Regency",4.3,"['restaurant', 'point_of_interest', 'food', 'establishment']"
ChIJbT1hxMdZei4RBEsa73CALZE,Keray Indah Chinese Food,"Jl. Moses Gatotkaca No.8, Mrican, Caturtunggal, Kabupaten Sleman",4.6,"['restaurant', 'point_of_interest', 'food', 'establishment']"
ChIJY7OwZSNZei4RLAlni81EiiM,"Food Place ""51"" Swakarya","69PJ+FFV, Kocoran, Caturtunggal, Sleman Regency",5,"['restaurant', 'point_of_interest', 'food', 'establishment']"
ChIJSSKJqblXei4RrR_zvSCxo-c,Hot Shop Street Food,"Gg. Mulyadi Gg. MG II No.64, Wirogunan, Kota Yogyakarta",5,"['restaurant', 'point_of_interest', 'food', 'establishment']"
ChIJI_Wmq3FZei4R7SYDsvUHPAM,Kalluna,"Jl. Sajiono No.13, Kotabaru, Kota Yogyakarta",4.6,"['restaurant', 'cafe', 'point_of_interest', 'food', 'establishment']"
ChIJGVWHzApYei4RTD1XiRZwLX8,Fast Food Restaurant,"Nogosaren, Nogotirto, Sleman Regency",0,"['restaurant', 'point_of_interest', 'food', 'establishment']"
ChIJf_D0XChZei4RheI7KsNuQQM,Mie Kota kembang Chinese food & sea food,"Jl. Perumnas No.138, Nologaten, Caturtunggal, Kabupaten Sleman",4.8,"['restaurant', 'point_of_interest', 'food', 'establishment']"
ChIJa8H1re5Xei4RdDo61W6EWBk,Yuu-mi Japanese food,"Jl. Lowanu No.20, Sorosutan, Kota Yogyakarta",4.8,"['restaurant', 'point_of_interest', 'food', 'establishment']"
ChIJ55CLeXdZei4RGEt9VW5jCSU,Chinese Food & Sea Food 99 Bang Kumis,"69R6+QGX, Jl. Kutu Tegal, Kutu Asem, Sinduadi, Kabupaten Sleman",4.4,"['restaurant', 'point_of_interest', 'food', 'establishment']"
ChIJW3JaovhZei4R5PhExJ68VPQ,Pork Roast,"Jln. Profesor Jl. Prof. Herman Yohanes, Terban, Kabupaten Sleman",4.5,"['restaurant', 'point_of_interest', 'food', 'establishment']"
ChIJj7lrQhJYei4R3B4X49I-MCY,Sea Food Cak Ragil,"68CV+2P3, Kwarasan, Nogotirto, Kabupaten Sleman",4.6,"['restaurant', 'point_of_interest', 'food', 'establishment']"
ChIJOyZPOtlZei4R0Vm6QAXzAtw,Chinese Food 88,"69X7+452, Kutu Tegal, Sinduadi, Kabupaten Sleman",5,"['restaurant', 'point_of_interest', 'food', 'establishment']"
ChIJOy2OhL9Zei4R2Zumi7EhTzM,Food by Nio,"Gg. Nakula No.51, Ambarukmo, Caturtunggal, Kabupaten Sleman",4.9,"['restaurant', 'point_of_interest', 'food', 'establishment']"
ChIJo3eXS1JYei4RtW5mo0PVT88,Bubur Ayam Dan Soto Ayam Fast Food Restaurant,"Pogung Kidul, Sinduadi, Sleman Regency",0,"['restaurant', 'point_of_interest', 'food', 'establishment']"
ChIJS9YbR_VZei4R5QMI-4iL6nM,AW Food,"Jl. Babarsari Ruko Babarsari No.44, Kledokan, Caturtunggal, Kabupaten Sleman",0,"['restaurant', 'point_of_interest', 'food', 'establishment']"
ChIJ22Hh4_pZei4R7DU1AtuWS2Y,ikono food & drink,"Jl. Kronggohan, Kranggahan I, Trihanggo, Kabupaten Sleman",3,"['restaurant', 'point_of_interest', 'food', 'establishment']"
ChIJEXMFxYZXei4R_HymnotMg1c,bunbun food yk,"Jl. Karawitan Jl. Bekelan Tirtonimolo No.2b RT.01, Sanggrahan, Ngestiharjo, Kabupaten Bantul",4.6,"['restaurant', 'point_of_interest', 'food', 'establishment']"
ChIJGTECtKNZei4Rsi7_UFVPLQM,Berkat Rasa Halal Chinese Food,"Jl. Letjen Suprapto No.43, Pringgokusuman, Kota Yogyakarta",4.8,"['restaurant', 'point_of_interest', 'food', 'establishment']"
ChIJdyrFKJdZei4Ru6U6_2d7AEU,Distributor frozen food premium jogja utara,"Dusun pondok blok, Gg. I No.8, Pondok, Condongcatur, Kabupaten Sleman",5,"['restaurant', 'point_of_interest', 'food', 'establishment']"
ChIJswG541tYei4RNjRdxYoKO0s,Mbak Linna Chinese Food 99,"Magelang St No.100, Kutu Asem, Sinduadi, Sleman Regency",4.5,"['restaurant', 'point_of_interest', 'food', 'establishment']"
ChIJi_xiUrBXei4RvbMHiEz5KUI,Mami Lepi Food,"5CH3+M36, Jl. Pringgolayan, Purbayan, Kota Yogyakarta",4.1,"['restaurant', 'point_of_interest', 'food', 'establishment']"
ChIJvz1nOWpXei4RIYmGYZ6hUmY,Korean Street Food,"Jl. Rejowinangun Gg. Kristal Ruko No.4C, Rejowinangun, Kota Yogyakarta",0,"['restaurant', 'point_of_interest', 'food', 'establishment']"
ChIJi2jCFoRZei4Rjn4_ZEx4juk,KD Frozen Food Jogja,"Jalan arah depok/kota komplek pertokoan kledokan no 49 Kel, Kledokan, Catur tunggga, Kabupaten Sleman",4.7,"['bakery', 'restaurant', 'point_of_interest', 'store', 'food', 'establishment']"
ChIJ4_0zjx1Zei4RjL2-VacsozA,Huh hah chines food,"Jl. Anggrek No.66-58, Samirono, Caturtunggal, Kabupaten Sleman",4.7,"['restaurant', 'point_of_interest', 'food', 'establishment']"
ChIJI_CtzuhZei4RXXbGmeQrrS8,Ling-Ling Food,"Unnamed Road, Cambahan, Nogotirto, Kabupaten Sleman",5,"['restaurant', 'point_of_interest', 'food', 'establishment']"
ChIJT-vBtO5Zei4Rp2kEC851Dvw,Tio Ciu Original Chinese Food,"Jl. Raya Kledokan No.27, Tempel, Caturtunggal, Kabupaten Sleman",4.5,"['restaurant', 'point_of_interest', 'food', 'establishment']"
ChIJDUrHoiRZei4RskPbsazvD4k,Masshita Food,"6995+M8M, Bumijo, Yogyakarta City",5,"['restaurant', 'point_of_interest', 'food', 'establishment']"
ChIJq8UVKfBXei4RAAD7T7IFyTw,Chinese Food Patangpuluhan,"Jl. Pamularsih No.243, Patangpuluhan, Kota Yogyakarta",4.3,"['restaurant', 'point_of_interest', 'food', 'establishment']"
ChIJPYHpdQJZei4Rfq0-vagjiPg,LAKUNO food court- Nologaten Yogyakarta,"Jl. Nologaten, Tempel, Caturtunggal, Kabupaten Sleman",5,"['restaurant', 'point_of_interest', 'food', 'establishment']"
ChIJcWPbYTBYei4R5__kiNVcX6Y,Madam Tan Indonesian Food,"Jl. C. Simanjuntak No.78A, Terban, Kota Yogyakarta",4.3,"['restaurant', 'point_of_interest', 'food', 'establishment']"
ChIJsx9PloFZei4ROP9FRuD6ZQY,Cimie Food & Drink,"Mesan, No.7, RT.01/RW.031, Kutu Dukuh, Sinduadi, Kabupaten Sleman",5,"['restaurant', 'point_of_interest', 'food', 'establishment']"
ChIJ-UvbXTVZei4R3BPneNqwAGw,Happy Rice Bowl Chinese Food 86,"6C63+PFR, Gg. Nusa Indah, Jaranan, Banguntapan, Kabupaten Bantul",3.7,"['restaurant', 'point_of_interest', 'food', 'establishment']"
ChIJMYBL_BxZei4R_bKH0hmsYfM,Chinnese Food dan Penyetan Mbak Ning,"Mancasan kidul,Rt06,Rw16, Dero, Condongcatur, Kabupaten Sleman",0,"['restaurant', 'point_of_interest', 'food', 'establishment']"
ChIJvUfuk_JYei4RH9en6hZXlDc,Depot Pak De Sejati Masakan Chinese Food,"Jl. Kebon Agung No.101, Mlati Krajan, Sendangadi, Kabupaten Sleman",0,"['restaurant', 'point_of_interest', 'food', 'establishment']"
ChIJybEZ1E1Xei4RCISkDj3grks,Mommy Henny Food,"Mangkuyudan Jageran MJ 3/349 RT28, RW.08, Mantrijeron, Kota Yogyakarta",5,"['restaurant', 'point_of_interest', 'food', 'establishment']"
ChIJpX596vZYei4R4YwublfhGVg,Food Story꧋ꦥ꦳ꦺꦴꦂꦣ꧀ꦱ꧀ꦠꦺꦴꦂꦪ꧀,"Jogja Paradise Food Court, Jalan Magelang Km. 6 ( depan Rich Hotel, Kutu Tegal, Sinduadi, Sleman Regency",5,"['restaurant', 'point_of_interest', 'food', 'establishment']"
ChIJEyJ6-C9Yei4RPcXTNcNHG0w,Twins Restaurant,"6967+682, JL. P. Mangkubumi, Gowongan, Kota Yogyakarta",3.9,"['restaurant', 'point_of_interest', 'food', 'establishment']"
ChIJA0YH5DFYei4RA8aRjoBXkb8,The House of Raminten,"Jl. Faridan M Noto No.7, Kotabaru, Kota Yogyakarta",4.5,"['restaurant', 'point_of_interest', 'food', 'establishment']"
ChIJUQyDGr1Xei4RO5dXFv3bepE,Mediterranea Restaurant by Kamil,"Tirtodipuran St No.24A, Mantrijeron, Yogyakarta City",4.7,"['restaurant', 'point_of_interest', 'food', 'establishment']"
ChIJy3I-pyZYei4R6QiUN5Zb7u8,Malioboro Restaurant,"Prima In Hotel, Jl. Gandekan No.47, Pringgokusuman, Yogyakarta City",4.9,"['restaurant', 'point_of_interest', 'food', 'establishment']"
ChIJ936HZihYei4Rj-jYhbxIEAY,Joglo Restaurant,"Nueve Jogja Hotel Area, Jalan Mataram No.9, Suryatmajan, Danurejan, Suryatmajan, Kota Yogyakarta",0,"['restaurant', 'point_of_interest', 'food', 'establishment']"
ChIJI_Wmq3FZei4R7SYDsvUHPAM,Kalluna,"Jl. Sajiono No.13, Kotabaru, Kota Yogyakarta",4.6,"['restaurant', 'cafe', 'point_of_interest', 'food', 'establishment']"
ChIJk-q9jRRXei4RynFu1T6P-c4,City Grill - Eastern Mediterranean Restaurant,"Jl. Parangtritis No.95, Brontokusuman, Kota Yogyakarta",4.9,"['restaurant', 'point_of_interest', 'food', 'establishment']"
ChIJNzwAZV1Xei4RVTp_xIzuC2I,Restaurant Warung Toscana,"Jl. Prawirotaman No.29, Brontokusuman, Kota Yogyakarta",4.6,"['restaurant', 'point_of_interest', 'food', 'establishment']"
ChIJi66HT_xZei4R6mI17gNLlqQ,Havene Restaurant,"Jl. Colombo Yogyakarta No.7, Karang Malang, Caturtunggal, Kabupaten Sleman",5,"['restaurant', 'point_of_interest', 'food', 'establishment']"
ChIJt6DmmYdXei4RljkTvlvflA4,El Patio Restaurant,"Jl. Mayor Suryotomo No.31, Ngupasan, Kota Yogyakarta",4.5,"['restaurant', 'point_of_interest', 'food', 'establishment']"
ChIJ3UKwraJZei4RtKdyX9Km-Jk,De Celine Restaurant,"Jl. F.M. Noto No.17, Kotabaru, Kota Yogyakarta",4.5,"['restaurant', 'point_of_interest', 'food', 'establishment']"
ChIJu46AxyZYei4RuIq-5pavcfA,Makmur Restaurant,"6956+2JH, Sosromenduran, Yogyakarta City",4.5,"['restaurant', 'point_of_interest', 'food', 'establishment']"
ChIJHRrsffZYei4RZOfY7wdD7x0,Peony Restaurant,"The Sahid Rich Area, Jalan Magelang Km. 6, No. 18, Sinduadi, Kutu Patran, Sinduadi, Kabupaten Sleman",4.1,"['restaurant', 'point_of_interest', 'food', 'establishment']"
ChIJ83vDHxBXei4RknQzz8XPgAc,Seroja Restaurant Grand Rohan Hotel,"Grand Rohan Jogja, Jl. Raya Janti Jl. Gedongkuning No.336, Modalan, Banguntapan, Bantul Regency",4.6,"['restaurant', 'point_of_interest', 'food', 'establishment']"
ChIJq0cixsJZei4RECRk6pRWM_w,SMARA Restaurant,"Jl. Laksda Adisucipto No.82, Ambarukmo, Caturtunggal, Kabupaten Sleman",4.8,"['restaurant', 'point_of_interest', 'food', 'establishment']"
ChIJ6xCz4aNXei4RinWDAOUuBz8,Vine Restaurant,"Jl. Prawirotaman 2 No.839, Brontokusuman, Kota Yogyakarta",4.2,"['restaurant', 'point_of_interest', 'food', 'establishment']"
ChIJC2brNM5Zei4RZrYneJY5U78,Restaurant Hotel Ogh Doni Jogja,"Jl. Tri Brata No.2 B, Klitren, Kota Yogyakarta",2.7,"['restaurant', 'point_of_interest', 'food', 'establishment']"
ChIJgxG6FqNZei4RiNhhhdighNU,Taman Sari Bar & Grill Restaurant,"Yogyakarta Marriott Hotel 2nd Floor, Jl. Ring Road Utara, Kaliwaru, Condongcatur, Kabupaten Sleman",4.7,"['restaurant', 'bar', 'point_of_interest', 'food', 'establishment']"
ChIJwYfUbaNXei4RBQWELFjAYTA,Indie Restaurant,"Indies Heritage Hotel Area, Jl. Prawirotaman 3 No.625, Brontokusuman, Kota Yogyakarta",4.7,"['restaurant', 'cafe', 'point_of_interest', 'food', 'establishment']"
ChIJbff9ML9Zei4RjpMNc7We06c,Andrawina Restaurant Hotel Alana,"796G+6V5, Mudal, Sariharjo, Kabupaten Sleman",4.3,"['restaurant', 'point_of_interest', 'food', 'establishment']"
ChIJ54F4uEJZei4RtMY_WNT5ghM,Tlogo Putri Restaurant,"Jl. Seturan Raya No.5A, Kledokan, Caturtunggal, Kabupaten Sleman",0,"['restaurant', 'point_of_interest', 'food', 'establishment']"
ChIJAx-ueuhZei4Rn4_nPQ6LZwE,SamaZana Restaurant,"Royal Ambarrukmo Yogyakarta, Jl. Laksda Adisucipto No.81, Ambarukmo, Caturtunggal, Kabupaten Sleman",4.7,"['restaurant', 'point_of_interest', 'food', 'establishment']"
ChIJtfn0SvtZei4Rq4CKJ5EnKiM,PAPRIKA RESTAURANT,"Jl. Dagen No.60, Sosromenduran, Kota Yogyakarta",5,"['restaurant', 'point_of_interest', 'food', 'establishment']"
ChIJzxsNOyZYei4Reawc_uk_nRU,Bina Nusa Rama PT,"Mal Malioboro Ground Floor, Jl Malioboro No 52-58, Suryatmajan, Kota Yogyakarta",3.5,"['restaurant', 'point_of_interest', 'food', 'establishment']"
ChIJ3-Fji7lXei4REtfqid2XtZs,Fast Food Restaurant,"Krapyak Kulon, Panggungharjo, Bantul Regency",0,"['restaurant', 'point_of_interest', 'food', 'establishment']"
ChIJlaCckJVZei4R13XDnq3-8dw,Coconut Club Restaurant,"Jl. Jend. Sudirman No.89, Terban, Kota Yogyakarta",5,"['restaurant', 'point_of_interest', 'food', 'establishment']"
ChIJB5MnxL1Zei4RU9zXURy8v0g,Fast Food Restaurant,"Dabag, Condongcatur, Sleman Regency",3,"['restaurant', 'point_of_interest', 'food', 'establishment']"
ChIJB_L6rrBZei4Rr3ixrqJY0Ug,Dunia Kita Cafe & Restaurant,"Jl. Seturan Raya No.168 A, Kledokan, Caturtunggal, Kabupaten Sleman",4.6,"['restaurant', 'point_of_interest', 'food', 'establishment']"
ChIJEZ-zNvpZei4RUKY86z5OmCI,Purple Restaurant,"Jl. Laksda Adisucipto No.80, Demangan Baru, Caturtunggal, Kabupaten Sleman",2.7,"['restaurant', 'point_of_interest', 'food', 'establishment']"
ChIJy7kW9t5Zei4RM9TQDCBECLU,Resto,"Jl. Palagan Tentara Pelajar No.43-49, Jongkang, Sariharjo, Kabupaten Sleman",0,"['restaurant', 'point_of_interest', 'food', 'establishment']"
ChIJTXnINj9Yei4R67U853oBhuA,Fast Food Restaurant,"Kricak, Yogyakarta City",3,"['restaurant', 'point_of_interest', 'food', 'establishment']"
ChIJX900A11Yei4RVyNQ82OYoa4,Fast Food Restaurant,"69P4+FXR, Jl. Bangau, Kutu Patran, Sinduadi, Kabupaten Sleman",3,"['restaurant', 'point_of_interest', 'food', 'establishment']"
ChIJH03CYY1Xei4RTDTe65njvUk,Bale Raos - The Sultan's Dishes,"Jl. Magangan Kulon No.1, Panembahan, Kota Yogyakarta",4.5,"['restaurant', 'point_of_interest', 'food', 'establishment']"
ChIJAdR69vFYei4RhdlM_YlABM0,Joglo Mlati Restaurant,"Jl. Kebon Agung No.170, Karang Geneng, Sendangadi, Kabupaten Sleman",4.3,"['restaurant', 'point_of_interest', 'food', 'establishment']"
ChIJ5ZKIDtpZei4RcMs45LYRr14,Fast Food Restaurant,"Demangan, Yogyakarta City",0,"['restaurant', 'point_of_interest', 'food', 'establishment']"
ChIJ-2XrOcVZei4RGmVtZv7QbP0,Ibis Kitchen Restaurant,"Jl. Laksda Adisucipto No.80, Demangan Baru, Caturtunggal, Kabupaten Sleman",4.5,"['restaurant', 'point_of_interest', 'food', 'establishment']"
ChIJRRu6OMJZei4Rd7wU9hQgj7Y,Fast Food Restaurant,"Tempel, Caturtunggal, Sleman Regency",2,"['restaurant', 'point_of_interest', 'food', 'establishment']"
ChIJ41Y7mRdYei4RGhBz7yUqP6o,Fast Food Restaurant,"Tegalrejo, Yogyakarta City",3.5,"['restaurant', 'point_of_interest', 'food', 'establishment']"
ChIJo3eXS1JYei4RtW5mo0PVT88,Bubur Ayam Dan Soto Ayam Fast Food Restaurant,"Pogung Kidul, Sinduadi, Sleman Regency",0,"['restaurant', 'point_of_interest', 'food', 'establishment']"
ChIJJ0ZYc7FZei4RjfQ-zKdc4LY,Pamungkas Warmindo Restaurant,"Jalan Agro, Klebengan, Karang Gayam, Caturtunggal, Kabupaten Sleman",4.7,"['restaurant', 'point_of_interest', 'food', 'establishment']"
ChIJGVWHzApYei4RTD1XiRZwLX8,Fast Food Restaurant,"Nogosaren, Nogotirto, Sleman Regency",0,"['restaurant', 'point_of_interest', 'food', 'establishment']"
ChIJjTG0rYtYei4RDojTDe5ovKs,Pecel Lele Restaurant,"Trini, Trihanggo, Sleman Regency",0,"['restaurant', 'point_of_interest', 'food', 'establishment']"
ChIJDStsz4VYei4RyDb_sHAX-D4,Warung Makan Mie Ayam & Bakso Fastfood Restaurant,"68XR+W5W, Jl. Ring Road Utara, Baturan, Trihanggo, Kabupaten Sleman",4,"['restaurant', 'point_of_interest', 'food', 'establishment']"
ChIJn4gALk1Yei4RwB-wq61W_1s,Tora Tora Restaurant (Japanese Cuisine),"69MH+JRC, Senolowo, Sinduadi, Sleman Regency",4.3,"['restaurant', 'point_of_interest', 'food', 'establishment']"
ChIJLUYfT85Zei4RrPNf-Drgay4,De Laxston Restaurant,"De Laxston hotel Area, Jl. Urip Sumoharjo No.139 A, Klitren, Kota Yogyakarta",4.2,"['restaurant', 'point_of_interest', 'food', 'establishment']"
ChIJC8MifitYei4RwZSHcQxN8Sg,“Malinda” Restaurant,"Jl. Lempuyangan No.001, Bausasran, Kota Yogyakarta",3.2,"['restaurant', 'point_of_interest', 'food', 'establishment']"
ChIJA0v0I-FZei4RfwVDpT27OVM,Hauw Family Restaurant,"Jl. Nogotirto No.34, Area Sawah, Nogotirto, Kabupaten Sleman",4.7,"['restaurant', 'point_of_interest', 'food', 'establishment']"
ChIJD2Q_Mu9Zei4Rl0cJ04xiGS4,Verandah Alfresco,"Eastparc Hotel Area, Jalan Laksda Adisucipto Km. 6.5, Seturan, Caturtunggal, Kecamatan Depok, Ngentak, Caturtunggal, Kabupaten Sleman",4.5,"['restaurant', 'point_of_interest', 'food', 'establishment']"
ChIJwcsJHPZXei4R4kF5_cBWais,The Tannoor Restaurant,"Jl. Sartono No.827, Mantrijeron, Kota Yogyakarta",4.8,"['restaurant', 'point_of_interest', 'food', 'establishment']"
ChIJLzJulxpXei4RhH3JNtgorQE,Sekar Kedhaton Restaurant,"Jl. Tegal Gendu No.28, Prenggan, Kota Yogyakarta",4.5,"['restaurant', 'point_of_interest', 'food', 'establishment']"
ChIJPeVunsJZei4RQhjcjX9gNXs,Yashinoki Restaurant Karaoke Pub,"Jl. Laksda Adisucipto Km. 6 Catur Tunggal Depok Sleman Daerah Istimewa Yogyakarta, Ambarukmo, Caturtunggal, Kabupaten Sleman",3,"['restaurant', 'point_of_interest', 'food', 'establishment']"
ChIJ_zHPwqRZei4RihcRtLxZLRk,Gadjah Wong Restaurant,"Jl. Affandi No.79D, Soropadan, Condongcatur, Kabupaten Sleman",4.5,"['restaurant', 'point_of_interest', 'food', 'establishment']"
ChIJcQKhsGNYei4RwCFbc514IOY,Fast Food Restaurant,"Salakan, Trihanggo, Sleman Regency",4.3,"['restaurant', 'point_of_interest', 'food', 'establishment']"
ChIJcWPbYTBYei4R5__kiNVcX6Y,Madam Tan Indonesian Food,"Jl. C. Simanjuntak No.78A, Terban, Kota Yogyakarta",4.3,"['restaurant', 'point_of_interest', 'food', 'establishment']"
ChIJQS8_ytJZei4RK9-6ZrnGGOI,Baru Restaurant,"696H+XFJ, Jl. Kusbini, Demangan, Kota Yogyakarta",4.5,"['restaurant', 'point_of_interest', 'food', 'establishment']"
ChIJkVIOs4VXei4RnrM5Venr8Fs,Lie Djiong Restaurant,"Jl. Brigjen Katamso No.21, Prawirodirjan, Kota Yogyakarta",4.5,"['restaurant', 'point_of_interest', 'food', 'establishment']"
ChIJjUjwGjBYei4RxIHWOsZFMrs,Twin's Mart & Restaurant,"6979+W2F, Jl. Kp. Jogoyudan, Gowongan, Kota Yogyakarta",0,"['restaurant', 'point_of_interest', 'food', 'establishment']"
ChIJRXwEKYhXei4Rn3SxsVMvRj0,Mahkota Chinese Restaurant,"Jl. Pajeksan No.25, Ngupasan, Kota Yogyakarta",4.5,"['restaurant', 'point_of_interest', 'food', 'establishment']"
ChIJOUWD0rxXei4Rk2MxMRpvLQg,KESUMA Restaurant,"Jl. Sartono No.829, Mantrijeron, Kota Yogyakarta",4.6,"['restaurant', 'point_of_interest', 'food', 'establishment']"
ChIJhdCiKSZYei4RL7zxCFh65rQ,La Table Restaurant,"Jl. Malioboro No.52-58, Suryatmajan, Kota Yogyakarta",5,"['restaurant', 'point_of_interest', 'food', 'establishment']"
ChIJHUyvBJ9Zei4RPpdMs9oy97o,atiga cafe,"Jl. Delima, leles, Condongcatur, Kabupaten Sleman",4.6,"['cafe', 'food', 'point_of_interest', 'establishment']"
ChIJ83FQBmJZei4RGDXOV6dJcTs,Cafe Es.kopi djawa,"Jalan, Kutu Patran, Sinduadi, Sleman Regency",4.7,"['cafe', 'food', 'store', 'point_of_interest', 'establishment']"
ChIJkTTtzepZei4R_qvPU4ETG0c,MbahMoe Cafe,"Jl. Perumnas, Dabag, Condongcatur, Kabupaten Sleman",4.3,"['cafe', 'food', 'store', 'point_of_interest', 'establishment']"
ChIJI67jIMtZei4RyGXIaVtfAN4,Petik Merah Cafe & Roastery,"Jl. Cucak Rowo No.1, Demangan Baru, Caturtunggal, Kabupaten Sleman",4.5,"['cafe', 'food', 'store', 'point_of_interest', 'establishment']"
ChIJWz5bDKJZei4RiLAKO7IPHb0,Cahyo cafe,"Jl. Tampar No.34, Karangwuni, Caturtunggal, Kabupaten Sleman",4.9,"['cafe', 'food', 'point_of_interest', 'establishment']"
ChIJXTMpu1BXei4Rx1KYOKlEU24,R3 CAFE,"Brajan, Tamantirto, Bantul Regency",4.3,"['cafe', 'food', 'store', 'point_of_interest', 'establishment']"
ChIJgbfOZjRYei4RgtVB5W3lH2g,Coklat Cafe,"Jl. Cik Di Tiro No.19, Terban, Kota Yogyakarta",4.5,"['cafe', 'food', 'point_of_interest', 'establishment']"
ChIJN_0v3ftZei4RR_TEC1LS-a8,TROTOAR CAFE,"Jl. Asem Kranji No.73, Dero, Condongcatur, Kabupaten Sleman",5,"['cafe', 'food', 'point_of_interest', 'establishment']"
ChIJ--6KH6NXei4RsxqyqmnEyiI,Luku Cafe,"59J9+87J, Jl. Parangtritis, Mantrijeron, Kota Yogyakarta",4.5,"['cafe', 'food', 'point_of_interest', 'establishment']"
ChIJ58SWYKZZei4RteU_zHB_Yb8,Cafe Koempul,"69VV+27F, Candok, Condongcatur, Sleman Regency",4.5,"['cafe', 'food', 'point_of_interest', 'establishment']"
ChIJ12iZq5ZXei4RgQuh1QR2C3c,RT Cafe,"Jl. Patehan Lor No.8, Patehan, Kota Yogyakarta",4.6,"['cafe', 'food', 'point_of_interest', 'establishment']"
ChIJl1DJyt5Zei4Rvz_yPQeMcf8,Warmindo Perdana Cafe,"Jl Gandekan lor no 62, Pringgokusuman, Kota Yogyakarta",4.4,"['cafe', 'food', 'point_of_interest', 'establishment']"
ChIJuRhXwgX4ei4R7-Z1IDKQKjU,Bejo Coffee Cafe,"Jl. Anggrek Tegalrejo, Geblagan, Tamantirto, Kabupaten Bantul",4.5,"['cafe', 'food', 'point_of_interest', 'establishment']"
ChIJg73Jd9hZei4R5o3ahoBpAxw,Super Hotspot Cafe Timoho,"694V+446, Jl. Timoho, Muja Muju, Kota Yogyakarta",4.6,"['cafe', 'food', 'point_of_interest', 'establishment']"
ChIJMSH7IKNXei4RZwrjtxaPICs,Rui's Cafe,"59J8+469, Jl. Parangtritis, Mantrijeron, Kota Yogyakarta",4.4,"['cafe', 'food', 'point_of_interest', 'establishment']"
ChIJ--AUZHVXei4RRjha7h4e_SM,Mangguk Coffee Cafe,"6C22+HJ4, Gg. Tirta, Jomblangan, Banguntapan, Kabupaten Bantul",4.7,"['cafe', 'food', 'point_of_interest', 'establishment']"
ChIJZ_CIZHxZei4RSCdqRK4WZpc,SlAMET CAFE,"Jl. Prau No.31, Kotabaru, Kota Yogyakarta",4.9,"['cafe', 'food', 'point_of_interest', 'establishment']"
ChIJzeTyeWtXei4RtdDcog7TliQ,RanyBelle Cafe,"32 street, Jl. Prawirotaman No.1, Kota Yogyakarta",4.9,"['cafe', 'food', 'point_of_interest', 'establishment']"
ChIJRQ0FhCtXei4Rast2IxCBRVE,missLOKA - Café and Eatery,"58XR+2J3, Jl. IKIP PGRI I Sonosewu, Sonosewu, Ngestiharjo, Kabupaten Bantul",4.9,"['cafe', 'food', 'store', 'point_of_interest', 'establishment']"
ChIJ-QfuuAZXei4RsyQDeFNowp0,OKID Cafe,"Jl. Panembahan No.1-3, Panembahan, Kota Yogyakarta",4.7,"['cafe', 'food', 'store', 'point_of_interest', 'establishment']"
ChIJuwnxWIlXei4RVDayOeTHcF4,CAFE SUKA SUKA,"Jl. Tegal Kenongo No.rt 02, Tegal Kenanga, Tirtonirmolo, Kabupaten Bantul",5,"['cafe', 'store', 'food', 'point_of_interest', 'establishment']"
ChIJLcK1tI1Zei4RPiiyIW38jNM,Point Coffee,"Jl. Timoho No.90, Baciro, Kota Yogyakarta",4.7,"['cafe', 'store', 'food', 'point_of_interest', 'establishment']"
ChIJ85zpM3RZei4R8uhLDcG5B3U,Metreum Cafe,"695X+M84, Jomblangan, Banguntapan, Bantul Regency",4.4,"['cafe', 'store', 'food', 'point_of_interest', 'establishment']"
ChIJ6TBsvDxZei4RMj4LyLsr1BI,Chaiya Cafe,"Taman Kuliner Condong Catur, Kios R-28, Jl. Anggajaya III Jl. Affandi, Gejayan, Condongcatur, Kabupaten Sleman",5,"['cafe', 'food', 'point_of_interest', 'establishment']"
ChIJT802CndXei4RnbV0q9GPMfc,Sawo 7 Cafe and Guest House,"Jl. Sawojajar No.7, Panembahan, Kota Yogyakarta",4.5,"['cafe', 'lodging', 'food', 'point_of_interest', 'establishment']"
ChIJ-1Thfn1Xei4RdP5_TuNLnLU,good day cafe,"5,, Jl. Cantel Baru No.3, Semaki, Kota Yogyakarta",4.6,"['cafe', 'food', 'point_of_interest', 'establishment']"
ChIJn22PYLVZei4Re-vyd5zTsl8,Semusim Cafe,"69WM+PMM Daerah Istimewa, Purwosari, Sinduadi, Sleman Regency",4.4,"['cafe', 'store', 'food', 'point_of_interest', 'establishment']"
ChIJc86PnqJZei4RsmnQA2NhTCc,Uptown Cafe and Space,"6CG5+G45, Jl. Student Castle, Kledokan, Caturtunggal, Kabupaten Sleman",4.7,"['cafe', 'store', 'food', 'point_of_interest', 'establishment']"
ChIJB4c4wt9Zei4Rj0ip9kvlzyY,Maji Cafe and Eatery,"Jl. Sorowajan Baru, Jomblangan, Banguntapan, Kabupaten Bantul",4.5,"['cafe', 'store', 'food', 'point_of_interest', 'establishment']"
ChIJA634c-pZei4RrdNdN0kRTCM,Lipu Cafe(ꦭꦶꦥꦸꦕꦥ꦳ꦼ),"6CF3+Q7P, Jl. Melon Mundusaren, Nologaten, Caturtunggal, Kabupaten Sleman",4.6,"['cafe', 'food', 'point_of_interest', 'establishment']"
ChIJszORIKNXei4RjDQbK97emDk,Made Cafe And Restaurant,"no.64 B, Jl. Parangtritis, Mantrijeron, Yogyakarta City",4.5,"['cafe', 'food', 'point_of_interest', 'establishment']"
ChIJ-WeC6kNZei4R8HgV8lgkXkw,CAFE KOPI JONO,"Jl. Jlagran No.7C, Pringgokusuman, Kota Yogyakarta",4.3,"['cafe', 'store', 'food', 'point_of_interest', 'establishment']"
ChIJ_0-QsNVZei4RxO1W8-cB8sw,Cafe Pojok Johar 108,"Gg. Johar No.259, Ngentak, Caturtunggal, Kabupaten Sleman",5,"['cafe', 'store', 'food', 'point_of_interest', 'establishment']"
ChIJxaJ_9b9Zei4RPGgm68bD0FM,Nevada Cafe,"6CG2+377, Jalan Nologaten Depok, Nologaten, Caturtunggal, Kabupaten Sleman",4.2,"['cafe', 'food', 'point_of_interest', 'establishment']"
ChIJ3RBKdxFXei4R3zHkxxts9BE,Retroest Cafe,"RedDoorz @, Jl. Jogja Ring Road Sel., Menayu Kidul, Tirtonirmolo, Kasihan, Jl. Jogja Ring Road Sel. No.2, Kabupaten Bantul",5,"['cafe', 'food', 'point_of_interest', 'establishment']"
ChIJ0ZWBLQBXei4Rx1v20I1L8vE,Oase Cafe & Resto - Tamansiswa,"Jl. Taman Siswa No.31, Wirogunan, Kota Yogyakarta",4.5,"['cafe', 'store', 'food', 'point_of_interest', 'establishment']"
ChIJnUjfkOpZei4RgfjtkEbTuvs,Jammin Cafe,"6CF3+V8V, Jl. Melon Mundusaren, Nologaten, Caturtunggal, Kabupaten Sleman",4.6,"['cafe', 'food', 'point_of_interest', 'establishment']"
ChIJe1EzYnb4ei4RoErC9evsXs8,Cafe Raos' 03,"58GH+56W, Jetis, Tamantirto, Bantul Regency",5,"['cafe', 'food', 'point_of_interest', 'establishment']"
ChIJccdFmt5Zei4RJEBNJojtw5E,Basabasi Sorowajan Cafe,"Jl. Sorowajan Baru, Jomblangan, Banguntapan, Kabupaten Bantul",4.4,"['cafe', 'food', 'point_of_interest', 'establishment']"
ChIJMxSlUVBYei4RtwlJDOsCnnU,Vito Cafe Monjali,"Monjali St No.248, Gemawang, Sinduadi, Sleman Regency",3.6,"['cafe', 'store', 'food', 'point_of_interest', 'establishment']"
ChIJfzwT1uxXei4RQ5j8UOsm4cA,UHT (Ultra High Temptation) Cafe,"Jl. Ipda Tut Harsono No.35, Muja Muju, Kota Yogyakarta",4.3,"['cafe', 'food', 'point_of_interest', 'establishment']"
ChIJCRVNjJhZei4Roue2rpgMfyg,Babylon Cafe&Resto,"Jl. Gejayan Soropadan XII No.79B, Soropadan, Condongcatur, Kabupaten Sleman",4.4,"['cafe', 'restaurant', 'food', 'point_of_interest', 'establishment']"
ChIJkydzIaNXei4RrQAwnx58EyY,Banana Cafe,"59J9+75H, Jl. Parangtritis, Mantrijeron, Kota Yogyakarta",4.2,"['cafe', 'food', 'point_of_interest', 'establishment']"
ChIJ5zoRUyRZei4RV91NA020L8k,Estuary Café,"Gang Code 3, Karangjati Wetan, No.170 C, Monjali St, RT.06/RW.45, Gemawang, Sinduadi, Sleman Regency",4.6,"['cafe', 'store', 'food', 'point_of_interest', 'establishment']"
ChIJSaPQEhhZei4RblzCuh1TLcc,Atap Langit Container Cafe,"Cambahan, Nogotirto, Sleman Regency",4.6,"['cafe', 'food', 'point_of_interest', 'establishment']"
ChIJhTdpyMVZei4RiOW2bxGtcKA,Perigon Cafe,"Perigon Fitness Studio, Jl. Demangan Baru No.6F, Demangan Baru, Caturtunggal, Sleman Regency",5,"['cafe', 'food', 'point_of_interest', 'establishment']"
ChIJjf3V6rxXei4R0lNHoFphUss,POENOKAWAN CAFE RESTO & GALLERY,"Jl. KH. Ahmad Dahlan No.71, RW.08, Notoprajan, Kota Yogyakarta",4.6,"['cafe', 'store', 'food', 'point_of_interest', 'establishment']"
ChIJM3SSsFhYei4RNhBQ9ANcxfM,Tam's Cafe,"Jalan Magelang Km. 5,6, Kutu Tegal, Sinduadi, Mlati, Kutu Tegal, Sinduadi, Kabupaten Sleman",4.8,"['cafe', 'food', 'point_of_interest', 'establishment']"
ChIJycbLQANZei4Rleizz1lxEy0,CAFE RAJA VITAMIN 8,"Jl. Gading Sari No.38-1, Area Sawah, Banyuraden, Kabupaten Sleman",4,"['cafe', 'store', 'food', 'point_of_interest', 'establishment']"
ChIJyTnLGv1Xei4RI0o-fBuc7cA,Marginal Cafe Warmindo UAD 4,"59CH+WQ2, Jl. Ki Ageng Pemanahan, Sorosutan, Kota Yogyakarta",5,"['cafe', 'store', 'food', 'point_of_interest', 'establishment']"
ChIJlft8vspZei4ROTYNQx0PPmI,Litterless Juicy Cafe,"Jl. Cucak Rowo Jl. Demangan Baru No.5a, Demangan Baru, Caturtunggal, Kota Yogyakarta",4.9,"['cafe', 'food', 'point_of_interest', 'establishment']"
ChIJL844E6lZei4R3TTNfEFnjGQ,Bengkel-Cafe,"Manggung, Caturtunggal, Sleman Regency",2.8,"['cafe', 'food', 'point_of_interest', 'establishment']"
ChIJERrqcmJZei4RTH0JhGsHJEY,Dongan Tea & Goods (Cafe),"Jl. Demangan Baru, Mrican, Caturtunggal, Kabupaten Sleman",4.9,"['cafe', 'food', 'point_of_interest', 'establishment']"
ChIJNZPI905Zei4RsHUNZupIZ6Y,Pulpa Cafe,"toko tugu bakpia kukus tugu, Jl. P. Mangkubumi No.43 Lantai 2, tugu Yogyakarta, Yogyakarta City",4.9,"['cafe', 'store', 'food', 'point_of_interest', 'establishment']"
ChIJNTSchsFZei4RO-KZRYiv3JU,Bento Cafe Nologaten,"Jl. Nologaten, RT.04/RW.01, Tempel, Caturtunggal, Kabupaten Sleman",4.3,"['cafe', 'store', 'food', 'point_of_interest', 'establishment']"
ChIJSaUr-Zn5ei4RnbjIdLP3zzg,Dikwaa Cafe & Jogja Cheese Cake,"58MF+JJW, Jl. Ring Road Selatan, Gatak, Tamantirto, Kabupaten Bantul",4.4,"['cafe', 'food', 'point_of_interest', 'establishment']"
ChIJUQzqw51Zei4REp64Q99zshE,Mamswell Cafe,"Jl. Tunjang No.378, RT.13/RW.41, Pringwulung, Condongcatur, Kabupaten Sleman",4.4,"['cafe', 'store', 'food', 'point_of_interest', 'establishment']"
ChIJV-mvsLVZei4RwvojvG4ws24,Terrace Cafe - The Alana Yogyakarta Hotel,"Jl. Palagan Tentara Pelajar No.Km. 7, Mudal, Sariharjo, Kabupaten Sleman",5,"['cafe', 'food', 'point_of_interest', 'establishment']"
ChIJAQcceplZei4RbesWW4d2RNM,Planet Sport Cafe & Angkringan,"Planet Group Futsal, Jl. Ring Road Utara No.168, Ngringin, Condongcatur, Kabupaten Sleman",3.5,"['cafe', 'food', 'point_of_interest', 'establishment']"
ChIJndd0qNX5ei4RheV4VH6qCAg,DheeHar Kostel & Cafe,"Jl. Sunan Kudus, Gatak, Tamantirto, Kabupaten Bantul",4.2,"['cafe', 'lodging', 'food', 'point_of_interest', 'establishment']"
ChIJPfnXTp9Zei4Ry1jHew1OJC4,JIH Hospital,"Jl. Ring Road Utara No.160, Perumnas Condong Catur, Condongcatur, Kabupaten Sleman",4.7,"['dentist', 'hospital', 'health', 'point_of_interest', 'establishment']"
ChIJR5WZP0xYei4R-x0uq58e-PU,Dr. Sardjito General Hospital,"Jl. Kesehatan Jl. Kesehatan Sendowo No.1, Sendowo, Sinduadi, Kabupaten Sleman",3.7,"['hospital', 'doctor', 'health', 'point_of_interest', 'establishment']"
ChIJj1yWDDVYei4Rr7fvqiSDR9I,Panti Rapih Hospital,"Jl. Cik Di Tiro No.30, Samirono, Terban, Kota Yogyakarta",4.1,"['hospital', 'health', 'point_of_interest', 'establishment']"
ChIJHZKUsYBXei4ROm7cfhqSLDA,Bethesda Hospital Lempuyangwangi,"Jl. Hayam Wuruk No.6, Bausasran, Kota Yogyakarta",4.2,"['hospital', 'health', 'point_of_interest', 'establishment']"
ChIJfWLu1nJXei4RD3gV9HxokbM,Hidayatullah Islamic Hospital,"Jl. Veteran No.184, Pandeyan, Kota Yogyakarta",3.7,"['hospital', 'health', 'point_of_interest', 'establishment']"
ChIJg6vlS55Zei4RiK-5bikPuco,RS Condong Catur,"Jl. Manggis No.6, Gempol, Condongcatur, Kabupaten Sleman",3.9,"['hospital', 'doctor', 'health', 'point_of_interest', 'establishment']"
ChIJxa69-PRXei4RvlyzuqTovl0,Asri Medical Centre (AMC),"Jl. HOS Cokroaminoto No.17B, Pakuncen, Kota Yogyakarta",4.4,"['hospital', 'health', 'point_of_interest', 'establishment']"
ChIJiUfSrh5Yei4RVEin5OOJkMY,Ludira Husada Tama Hospital,"Jl. Wiratama No.4, Tegalrejo, Kota Yogyakarta",3.1,"['hospital', 'health', 'point_of_interest', 'establishment']"
ChIJY8DL6TJYei4RRt58HGQX_Uc,"Bethesda Hospital, Yogyakarta","Jl. Jend. Sudirman No.70, Kotabaru, Kota Yogyakarta",4.1,"['hospital', 'doctor', 'health', 'point_of_interest', 'establishment']"
ChIJg7upyU9Yei4Rk-7EYb4wH2g,RSU Sakina Idaman,"Condro Loekito, Jl. Nyi Tjondrolukito Jl. Blunyah Gede No.60, Kutu Dukuh, Sinduadi, Kabupaten Sleman",4.1,"['hospital', 'doctor', 'health', 'point_of_interest', 'establishment']"
ChIJj7tY__RXei4RxHO7BTZGpHc,Top Asri Clinic Medical Center,"Jl. HOS Cokroaminoto No.17, Pakuncen, Kota Yogyakarta",4.2,"['hospital', 'health', 'point_of_interest', 'establishment']"
ChIJw3s5fEhWei4RylEWMGq2ecc,Hospital Patmasuri,"5995+XWX, Jl. Lapangan Krapyak, Panggungharjo, Sewon, Krapyak Kulon, Panggungharjo, Kabupaten Bantul",3.9,"['hospital', 'health', 'point_of_interest', 'establishment']"
ChIJQ8MIl4dXei4R0nz51wo8wyQ,Pregnancy Hospital Adinda,"Jl. Soragan No.14, Soragan, Ngestiharjo, Kabupaten Bantul",3.7,"['hospital', 'health', 'point_of_interest', 'establishment']"
ChIJV1kNuKdXei4Rth3k78oPmxE,Rumah Sakit Umum Daerah (RSUD) Kota Yogyakarta,"Jl. Ki Ageng Pemanahan No.1-6, Sorosutan, Kota Yogyakarta",3.6,"['hospital', 'doctor', 'health', 'point_of_interest', 'establishment']"
ChIJJ6JVeDRYei4R-agEkOPWW4c,Dr. Yap Eye Hospital,"Jl. Cik Di Tiro No.5, Terban, Kota Yogyakarta",4,"['hospital', 'health', 'point_of_interest', 'establishment']"
ChIJ0fnH_p9Xei4Ru0I4v8fbXJ4,SS Bio Int. PT,"Jl. Menteri Supeno No.60, Sorosutan, Kota Yogyakarta",0,"['hospital', 'health', 'point_of_interest', 'establishment']"
ChIJj8-FOpVXei4R39C9e_soO_g,Rumah Bersalin Agnes,"Jl. Bantul No.24, RW.08, Gedongkiwo, Kota Yogyakarta",0,"['hospital', 'health', 'point_of_interest', 'establishment']"
ChIJG73SH4pXei4RTIRDukxpHlY,Rumah Bersalin Bhayangkara,"JL. Aipda. Karel Satsuit Tubun, No. 20, Ngampilan, Kota Yogyakarta",0,"['hospital', 'health', 'point_of_interest', 'establishment']"
ChIJHQuLkvVXei4RZGAeRz1y_dc,Pandean Jaya. CV,"JL. Turonggo, Blok 3 No. 2, Pakuncen, Kota Yogyakarta",0,"['hospital', 'health', 'point_of_interest', 'establishment']"
ChIJk5FKM4JXei4RxLYcI-Fk8qA,Sudarti Bidan,"Jl. Sultan Agung No.53, Gunungketur, Kota Yogyakarta",0,"['hospital', 'health', 'point_of_interest', 'establishment']"
ChIJpas3bMVXei4RWao4Yk3UPbo,Bidan Woro Iriyani. AM,"58FV+6WF, Padokan Kidul, Tirtonirmolo, Kasihan, Padokan Lor, Tirtonirmolo, Kabupaten Bantul",0,"['hospital', 'health', 'point_of_interest', 'establishment']"
ChIJJXEQGZVZei4Rq6OcHvHoicA,Kaki Kita Reflexology,"JL. Perumnas no 1, No. 1, Catur Tunggal, Dabag, Condongcatur, Kabupaten Sleman",3,"['hospital', 'health', 'point_of_interest', 'establishment']"
ChIJ_ZJl4pFZei4RFUtGqW3IlEg,First Medical,"Jl. Urip Sumoharjo No.103A, Klitren, Kota Yogyakarta",5,"['health', 'point_of_interest', 'establishment']"
ChIJ4QNX8ZRZei4R5Meph_v9mbQ,JOGJA MEDICAL CENTER (JMC),"Jl. Pandean Sari No.4, RW.2, Kentungan, Condongcatur, Kabupaten Sleman",4.7,"['hospital', 'health', 'point_of_interest', 'establishment']"
ChIJm2R5fWdXei4RD4zO6JbdZhM,Setia Budi Medical Centre,"Jl. Raya Janti Jl. Gedongkuning No.16, Wonocatur, Banguntapan, Kabupaten Bantul",2.8,"['health', 'point_of_interest', 'establishment']"
ChIJw1OiGMtZei4R7n0PQec4fEs,Med Point,"Jl. Prof. Herman Yohanes No.107, Samirono, Caturtunggal, Kabupaten Sleman",0,"['hospital', 'health', 'point_of_interest', 'establishment']"
ChIJuVxLJbtZei4RM7sag1eH7Zo,Apotek dan Klinik Tirta Medical Centre Yogyakarta,"Magelang St No.71, Kricak, Yogyakarta City",4.5,"['health', 'point_of_interest', 'establishment']"
ChIJ_YxuC0X5ei4RP5krbiUKHbI,K4 Medical Project,"58QJ+F6V, Brajan, Tamantirto, yogyakarta",0,"['health', 'point_of_interest', 'establishment']"
ChIJe_d_UUpYei4R_3_PdKhlMRM,Gadjah Mada Medical Center,"L 3 Sekip, Jl. Kayu Putih, Sendowo, Sinduadi, Kabupaten Sleman",3.8,"['health', 'point_of_interest', 'establishment']"
ChIJm76ZTzRZei4RFx35nvzjZq4,YoyiC Outlet Kucala Medical Center,"001, Jl. Jend. Sudirman No.58, Kotabaru, Yogyakarta City",0,"['health', 'point_of_interest', 'establishment']"
ChIJZxEH_TNYei4RlFJV3m62nkk,indomedis.com,"Hotel Orlen Jl. C. Simanjuntak #6A, Terban, Kota Yogyakarta",2,"['hospital', 'health', 'point_of_interest', 'establishment']"
ChIJ39SFvfVXei4Rwk5HvhZTbbM,Klinik Meira (Meira Medical Center),"Jl. Bantul No.93, Dongkelan, Panggungharjo, Kabupaten Bantul",4.7,"['doctor', 'dentist', 'pharmacy', 'health', 'point_of_interest', 'store', 'establishment']"
ChIJlWfzus1Zei4RcKS9XUwZnF0,indomedis.com,"Jl. Selokan Mataram Jl. Babarsari No.#33, Kledokan, Caturtunggal, Kabupaten Sleman",4,"['hospital', 'health', 'point_of_interest', 'establishment']"
ChIJ-eqLJXtXei4RBlx_i3ybcxE,Klinik UST Medical Center,"Jl. Kusumanegara No.157, Warungboto, Kota Yogyakarta",0,"['hospital', 'health', 'point_of_interest', 'establishment']"
ChIJtzQiJWf3ei4RRtYHyVMqcLM,Sae Medikalindo,"Cokrobedog No.134, RT.08/RW.12, Kramat, Sidoarum, Kabupaten Sleman",0,"['health', 'point_of_interest', 'establishment']"
ChIJ0eoWMQtXei4R4o_wQKOQY5Q,Klinik Utama Ultra Medica Yogyakarta,"Jl. Tegalturi No.53, Giwangan, Kota Yogyakarta",4.1,"['health', 'point_of_interest', 'establishment']"
ChIJbddlKyhYei4RWm2t_iB6yxQ,SENTRA MEDICAL SPA,"Perum Pindok Intan Permai 3 Blok B8-b9, Kricak, Tegalrejo, Kricak, Kota Yogyakarta",0,"['health', 'point_of_interest', 'establishment']"
ChIJtcbmVOlXei4RCJQSa-IGpG8,Convention Hall Asri Medical Centre Yogyakarta,"Asri medical centre, Pakuncen, Yogyakarta City",0,"['hospital', 'health', 'point_of_interest', 'establishment']"
ChIJXZTGOitYei4RFEOd_reyijc,CV. Gama Medical,"Jl. Doktor Sutomo No.57, Bausasran, Kota Yogyakarta",0,"['pharmacy', 'health', 'point_of_interest', 'store', 'establishment']"
ChIJj7tY__RXei4RxHO7BTZGpHc,Top Asri Clinic Medical Center,"Jl. HOS Cokroaminoto No.17, Pakuncen, Kota Yogyakarta",4.2,"['hospital', 'health', 'point_of_interest', 'establishment']"
ChIJIy4rBpVZei4RIPPeZOT_i2c,NUBIA MEDICAL AESTHETIC,"RUKO PANDA, Jl. Ring Road Utara No.9, Sanggrahan, Condongcatur, Sleman Regency",5,"['doctor', 'health', 'point_of_interest', 'establishment']"
ChIJlUQnuNtZei4Ryj7s1nVK38A,C2S Medical Tools,"696V+QM3, Jl. Timoho, Demangan, Kota Yogyakarta",0,"['health', 'point_of_interest', 'store', 'establishment']"
ChIJtf9S45hZei4RWavevdwUdPo,Barokah Medical Jogja,"Jl. Ring Road Utara Gorongan No.282, Ngropoh, Condongcatur, Kabupaten Sleman",4.4,"['health', 'point_of_interest', 'store', 'establishment']"
ChIJV2y7q0xXei4ROQoPF4uG2PI,Jual Alat kesehatan Lengkap jogja,"Jl. Kapten Piere Tendean No.56, Wirobrajan, Kota Yogyakarta",0,"['health', 'point_of_interest', 'establishment']"
ChIJD5Ij__lXei4R29NzV5JVshE,Nugroho Medical | Toko Alat Kesehatan Jogja,"Jl. Kaliurang Gg. Pandega Mandala No.3 Km 5,6, Manggung, Caturtunggal, Kabupaten Sleman",4.9,"['health', 'point_of_interest', 'store', 'establishment']"
ChIJxa69-PRXei4RvlyzuqTovl0,Asri Medical Centre (AMC),"Jl. HOS Cokroaminoto No.17B, Pakuncen, Kota Yogyakarta",4.4,"['hospital', 'health', 'point_of_interest', 'establishment']"
ChIJ9z8ILJJZei4RxhJWDB5Bk_Q,Klinik drA (Raisha Vaksin Corner Seturan) d.h dokter.anti,"Jl. Lawu 4 No.11, RT.19/RW.02, Kledokan, Caturtunggal, Yogyakarta",4.9,"['doctor', 'health', 'point_of_interest', 'establishment']"
ChIJEVZa__RXei4RbtcjELuxi_Q,Klinik Perawatan Luka,"Klinik Utama Asri Medical Centre, Jl. HOS Cokroaminoto No.17, Pakuncen, Kota Yogyakarta",1,"['health', 'point_of_interest', 'establishment']"
ChIJ1cjttdJZei4RMTzUaQd0kwM,ABMED STORE YOGYAKARTA | Toko Alat Kesehatan Yogyakarta,"Jl. Poncowinatan No.84 A, Cokrodiningratan, Kota Yogyakarta",4.2,"['health', 'point_of_interest', 'store', 'establishment']"
ChIJrWE_c7r3ei4RPOUpaRFZ5wQ,Brimedika Clinic Yogyakarta,"Jl. Brigjen Katamso No.21, Keparakan, Kota Yogyakarta",3.9,"['health', 'point_of_interest', 'establishment']"
ChIJW4orjmdXei4R7ZoQc8m8KQg,KLINIK RAMADHAN,"Jl. Kusumanegara No.296, Rejowinangun, Kota Yogyakarta",3,"['health', 'point_of_interest', 'establishment']"
ChIJaddNSNhZei4Rusn-Yx7E-Wc,Happy Land Medical Centre,"Jl. Ipda Tut Harsono Jl. Melati Wetan No.53, Muja Muju, Kota Yogyakarta",3.9,"['hospital', 'health', 'point_of_interest', 'establishment']"
ChIJLY_8__RXei4R05R8BItiwEk,Poly Dental Education - Asri Clinic Medical Center,"Klinik Utama Asri Media Center, Jl. HOS Cokroaminoto No.17, Pakuncen, Kota Yogyakarta",3.4,"['health', 'point_of_interest', 'establishment']"
ChIJR9BR5dJXei4RU-7EG624ois,Klinik Arda,"Jl. Tegalturi No.44, Giwangan, Kota Yogyakarta",4.9,"['hospital', 'doctor', 'dentist', 'health', 'point_of_interest', 'establishment']"
ChIJVx-mwixYei4RM3uvcxN3ddU,Laboratorium Klinik Cito Yogyakarta,"Jl. Atmosukarto No.4, Kotabaru, Kota Yogyakarta",4.5,"['health', 'point_of_interest', 'establishment']"
ChIJ14Eq2jxZei4RfUJ08jqIJCs,Praktek dr. Harti,"Jl. Pogung Lor No.212, RT.02/RW.46, Pogung Lor, Sinduadi, Kabupaten Sleman",5,"['health', 'point_of_interest', 'establishment']"
ChIJQXu-Ynb4ei4Rzx-jP1IwzTA,KLINIK ANUGERAH,"Jl. Rindang No.145, Jadan, Tamantirto, Kabupaten Bantul",4.4,"['health', 'point_of_interest', 'establishment']"
ChIJ1xDbWIFXei4RfEwpvOhnOT8,Klinik Intan,"Jl. Masjid No.3, Gunungketur, Kota Yogyakarta",4.7,"['health', 'point_of_interest', 'establishment']"
ChIJK5ZETbJZei4R7c6LeJ68bTk,Korpagama UGM Clinic,"Jl. Agro No.38C, Kocoran, Caturtunggal, Kabupaten Sleman",4.3,"['health', 'point_of_interest', 'establishment']"
ChIJBatEaKdZei4RNh970aE7yhE,Alat pijat amplas amplas ambarrukmo,"Plaza Ambarrukmo, Ambarukmo, Caturtunggal, Kabupaten Sleman",0,"['health', 'point_of_interest', 'establishment']"
ChIJOWJcR7xXei4RJt4Xqn_Sztw,Klinik Gading,"Jl. DI Panjaitan No.25, Mantrijeron, Kota Yogyakarta",4.6,"['doctor', 'dentist', 'health', 'point_of_interest', 'establishment']"
ChIJDa6cQZpZei4RgpeD-Qn41pA,Klinik Pratama Yonmek 403,"Jl. Pandega Sakti No.11, RW.2, Kentungan, Condongcatur, Kabupaten Sleman",4.9,"['health', 'point_of_interest', 'establishment']"
ChIJwcoWQllXei4RwQc2z6NH9JI,Belva Medika,"Jl. Raya Janti No.297, Modalan, Banguntapan, Kabupaten Bantul",4.9,"['health', 'store', 'point_of_interest', 'establishment']"
ChIJsVG7y6RZei4RGIKanc0eDow,Pelayanan Kesehatan Masyarakat Gki Gejayan Dr Istianto K.,"69PV+HVV, Gg. Jemb. Merah, Soropadan, Condongcatur, Kabupaten Sleman",5,"['health', 'point_of_interest', 'establishment']"
ChIJJVNel6xZei4RXoa8dT2uLw0,"Intibios Lab, Klinik & Farmasi Yogyakarta","Jl. Pangeran Diponegoro No.92, Cokrodiningratan, Kota Yogyakarta",5,"['hospital', 'pharmacy', 'health', 'store', 'point_of_interest', 'establishment']"
ChIJGUnsUQr4ei4RnCB7MaSxN3E,Kangen Water Center WA 0813 3250 4500,"Dsn. Kasihan, RT.1.39G, Tamantirto, Kabupaten Bantul",4.9,"['health', 'point_of_interest', 'establishment']"
ChIJ_RfESx1Zei4Ry8L_iSKbA04,KLINIK PRATAMA DELIMA,"jln swadaya 1 karangasem gempol, RT.04/RW.12, Condongcatur",4.7,"['health', 'point_of_interest', 'establishment']"
ChIJN-3tbSlXei4RfBWnEJaB5iM,Site Studio 4,"59G9+WR5, Brontokusuman, Yogyakarta City",0,"['health', 'point_of_interest', 'establishment']"
ChIJ_ZwvSIlXei4RFJdsdXubTkQ,Ruang Ct- Scan,"Ngupasan, Yogyakarta City",0,"['health', 'point_of_interest', 'establishment']"
ChIJL6YgfEJXei4RVLQiUy-WmFU,Poskokesdes Desa Siaga,"Gg. Umbuh No.170, Pringgolayan, Banguntapan, Kabupaten Bantul",0,"['health', 'point_of_interest', 'establishment']"
ChIJD4K26-SRUGERaDyA-x9k6X8,Fisioterapi cryopraktik homecare seturan,"Dekat CV. Kurai, Jl. Jatayu No.236a, Pringwulung, Condongcatur, Kabupaten Sleman",0,"['health', 'point_of_interest', 'establishment']"
ChIJl2wXgcj5ei4R-5A3JCTqqaI,KLINIK PRATAMA PMI DIY,"Jl.Ring Road Barat No.03 RT. 09 RW. 15, Patuk, Area Sawah, Banyuraden, Kabupaten Sleman",3.8,"['health', 'point_of_interest', 'establishment']"
ChIJIYiNlgxYei4RgOLIYLaOPS4,Laboratorium Klinik Dutarama,"68FH+6V3, Jl. Ngapak - Kentheng, Nogosaren, Nogotirto, Kabupaten Sleman",5,"['health', 'point_of_interest', 'establishment']"
ChIJiUEPxc1Zei4RZQ2RaiiQwD0,Klinik Medico Dental Center,"Jl. Urip Sumoharjo No.103 F, Klitren, Kota Yogyakarta",3.9,"['health', 'point_of_interest', 'establishment']"
ChIJIT_8__RXei4RI1LBfUsR8U0,Poli Ob SGYN,"Top Asri Clinic Medical Center, Jl. HOS Cokroaminoto No.17, Pakuncen, Yogyakarta City",0,"['health', 'point_of_interest', 'establishment']"
ChIJO8Ep_5ZXei4RSyhYjiqo0MA,"KLINIK, LABORATORIUM, APOTEK dan ALAT KESEHATAN ASTA MEDIKA","Jl. Mayjend Sutoyo No.7, Mantrijeron, Kota Yogyakarta",4.7,"['pharmacy', 'health', 'store', 'point_of_interest', 'establishment']"
ChIJQRku_vRXei4R28qdmfoE8fs,Laboratorium Reproduksi Dan Diagnostik,"6922+7Q4, Jl. HOS Cokroaminoto, Pakuncen, Kota Yogyakarta",0,"['health', 'point_of_interest', 'establishment']"
ChIJZwuy2kJZei4R6-pXic9WLrM,Pijat Panggilan Jogja Kota dan Sekitarnya,"Klitren, Yogyakarta City",0,"['health', 'point_of_interest', 'establishment']"
ChIJi0naR7xZei4RZUMBqikEC1Y,Bidan Octa Gamping Yogyakarta,"Jl. Nogotirto, RT.07/RW.21, Modinan, Banyuraden, Kabupaten Sleman",5,"['health', 'point_of_interest', 'establishment']"
ChIJnxGZ-3RYei4RWgqsdujCtyE,Pos Kesehatan Desa Poskedes,"68GM+2PP, Jl. Nogosaren Baru, Nogosaren, Nogotirto, Kabupaten Sleman",0,"['health', 'point_of_interest', 'establishment']"
ChIJxTql-C9Yei4RU7k3FQ1eGzs,Laboratorium Klinik Prodia,"Jl. P. Mangkubumi No.50, Gowongan, Kota Yogyakarta",4.1,"['health', 'point_of_interest', 'establishment']"
ChIJ519GsGNXei4RvI1Stsi8Mao,Elisa Family Healthcare Yogyakarta,"Jl. Balirejo Jl. Timoho No.6a, Muja Muju, Kota Yogyakarta",4.9,"['doctor', 'local_government_office', 'health', 'point_of_interest', 'establishment']"
